NO,SerialNumber,Model,ModelNumber,StartDate,AssemblyOrder,EndDate,Country
1,XXXN0001,Y220LC-9S,3873,2017-01-03,10,2017-01-07,Brazil
2,XXXN0002,Y160LC-9S,143,2017-01-03,20,2017-01-07,Brazil
3,XXXN0006,Y220LC-9S,3874,2017-01-03,30,2017-01-07,Brazil
4,XXXN0007,Y160LC-9S,144,2017-01-03,40,2017-01-07,Brazil
5,XXXN0008,Y220LC-9S,3875,2017-01-03,50,2017-01-07,Brazil
6,XXXN0009,Y220LC-9S,3876,2017-01-03,60,2017-01-07,Brazil
7,XXXN0010,Y140W-9,498,2017-01-03,70,2017-01-07,Belgium
8,XXXN0011,Y160LC-9S,145,2017-01-03,80,2017-01-07,Brazil
9,XXXN0027,Y220LC-9S,3877,2017-01-03,90,2017-01-07,Brazil
10,XXXN0028,Y220LC-9S(L/R),3878,2017-01-03,100,2017-01-07,Brazil
11,XXXN0029,Y220LCH,5037,2017-01-03,110,2017-01-08,Korea
12,XXXN0030,Y220LC-9S,3879,2017-01-03,120,2017-01-08,Brazil
13,XXXN0031,Y140W-9S,186,2017-01-03,130,2017-01-08,Cambodia
14,XXXN0032,Y140LC,637,2017-01-03,140,2017-01-08,Korea
15,XXXN0033,Y220LC-9S,3880,2017-01-03,150,2017-01-08,Brazil
16,XXXN0034,Y220LC-9S,3881,2017-01-03,160,2017-01-08,Brazil
17,XXXN0035,Y160LC-9S,146,2017-01-03,170,2017-01-08,Brazil
18,XXXN0036,Y220LC-9S,3882,2017-01-03,180,2017-01-08,Brazil
19,XXXN0037,Y140W-9,499,2017-01-03,190,2017-01-08,Belgium
20,XXXN0038,Y220LC-9S,3883,2017-01-03,200,2017-01-08,Brazil
21,XXXN0039,Y220LCH,5038,2017-01-03,210,2017-01-08,Korea
22,XXXN0040,Y220LC-9S,3884,2017-01-03,220,2017-01-08,Brazil
23,XXXN0041,Y220LC-9S,3885,2017-01-03,230,2017-01-08,Brazil
24,XXXN0042,Y220LC-9S,3886,2017-01-03,240,2017-01-08,Brazil
25,XXXN0043,Y160LC-9S,147,2017-01-03,250,2017-01-08,Brazil
26,XXXN0044,Y220LC-9S,3887,2017-01-03,260,2017-01-08,Brazil
27,XXXN0045,Y140W-9,500,2017-01-03,270,2017-01-08,Belgium
28,XXXN0046,Y220LC-9S,3888,2017-01-03,280,2017-01-08,Brazil
29,XXXN0047,Y220LC-9S,3889,2017-01-04,10,2017-01-08,Brazil
30,XXXN0048,Y220LC-9S,3890,2017-01-04,20,2017-01-08,Brazil
31,XXXN0049,Y180LC-9,103,2017-01-04,30,2017-01-08,Belgium
32,XXXN0050,Y210W-9(34),385,2017-01-04,40,2017-01-08,South_Africa
33,XXXN0051,Y220LC-9S,3891,2017-01-04,50,2017-01-08,Brazil
34,XXXN0052,Y160LC-9S,148,2017-01-04,60,2017-01-08,Brazil
35,XXXN0053,Y220LC-9S,3892,2017-01-04,70,2017-01-08,Brazil
36,XXXN0054,Y220LC-9S,3893,2017-01-04,80,2017-01-08,Brazil
37,XXXN0055,Y220LC-9S(L/R),3894,2017-01-04,90,2017-01-08,Brazil
38,XXXN0056,Y220LC-9S,3895,2017-01-04,100,2017-01-08,Brazil
39,XXXN0057,Y140W-9,501,2017-01-04,110,2017-01-08,Belgium
40,XXXN0058,Y220LC-9S,3896,2017-01-04,120,2017-01-09,Brazil
41,XXXN0059,Y220LC-9S,3897,2017-01-04,130,2017-01-09,Brazil
42,XXXN0060,Y220LC-9S,3898,2017-01-04,140,2017-01-09,Brazil
43,XXXN0061,Y220LC-9S,3899,2017-01-04,150,2017-01-09,Brazil
44,XXXN0062,Y210W-9(34),386,2017-01-04,160,2017-01-09,Algerie
45,XXXN0063,Y260LC-9A,476,2017-01-04,170,2017-01-09,Belgium
46,XXXN0064,Y180LC-9,104,2017-01-04,180,2017-01-09,Belgium
47,XXXN0065,Y220LC-9S,3900,2017-01-04,190,2017-01-09,Brazil
48,XXXN0066,Y220LC-9S,3901,2017-01-04,200,2017-01-09,Brazil
49,XXXN0067,Y220LC-9S,3902,2017-01-04,210,2017-01-09,Brazil
50,XXXN0068,Y210W-9(34),387,2017-01-04,220,2017-01-09,Algerie
51,XXXN0069,Y220LC-9S,3903,2017-01-04,230,2017-01-09,Brazil
52,XXXN0071,Y220LC-9S,3904,2017-01-04,240,2017-01-09,Brazil
53,XXXN0073,Y220LC-9S,3905,2017-01-04,250,2017-01-09,Brazil
54,XXXN0074,Y220LC-9S,3906,2017-01-04,260,2017-01-09,Brazil
55,XXXN0076,Y220LC-9S,3907,2017-01-04,270,2017-01-09,Brazil
56,XXXN0077,Y260LC-9S,578,2017-01-04,280,2017-01-09,Malaysia
57,XXXN0078,Y220LC-9S,3908,2017-01-07,10,2017-01-09,Brazil
58,XXXN0079,Y220LC-9S,3909,2017-01-07,20,2017-01-09,Brazil
59,XXXN0081,Y220LC-9S,3910,2017-01-07,30,2017-01-09,Brazil
60,XXXN0082,Y220LC-9S,3911,2017-01-07,40,2017-01-09,Brazil
61,XXXN0083,Y210W-9(34),388,2017-01-07,50,2017-01-09,Algerie
62,XXXN0084,Y180LC-9,105,2017-01-07,60,2017-01-09,Belgium
63,XXXN0085,Y220LC-9S,3912,2017-01-07,70,2017-01-09,Brazil
64,XXXN0086,Y220LC-9S,3913,2017-01-07,80,2017-01-09,Brazil
65,XXXN0087,Y220LC-9S(L/R),3914,2017-01-07,90,2017-01-09,Brazil
66,XXXN0088,Y220LC-9S,3915,2017-01-07,100,2017-01-09,Brazil
67,XXXN0089,Y260LC-9A(5.1),477,2017-01-07,110,2017-01-09,Belgium
68,XXXN0091,Y140W-9,502,2017-01-07,120,2017-01-09,Belgium
69,XXXN0092,Y180LC-9,106,2017-01-07,130,2017-01-10,Belgium
70,XXXN0093,Y220LC-9S,3916,2017-01-07,140,2017-01-10,Brazil
71,XXXN0094,Y220LC-9S,3917,2017-01-07,150,2017-01-10,Brazil
72,XXXN0095,Y220LC-9S,3918,2017-01-07,160,2017-01-10,Brazil
73,XXXN0096,Y220LC-9S,3919,2017-01-07,170,2017-01-10,Brazil
74,XXXN0097,Y140W-9,503,2017-01-07,180,2017-01-10,Belgium
75,XXXN0098,Y220LC-9S,3920,2017-01-07,190,2017-01-10,Brazil
76,XXXN0099,Y220LC-9S,3921,2017-01-07,200,2017-01-10,Brazil
77,XXXN0100,Y220LC-9S,3922,2017-01-07,210,2017-01-10,Brazil
78,XXXN0101,Y220LC-9S,3923,2017-01-07,220,2017-01-10,Brazil
79,XXXN0102,Y220LC-9S,3924,2017-01-07,230,2017-01-10,Brazil
80,XXXN0103,Y210W-9(34),389,2017-01-07,240,2017-01-10,Algerie
81,XXXN0104,Y220LC-9S,3925,2017-01-07,250,2017-01-10,Myanmar
82,XXXN0105,Y140LC-9,638,2017-01-07,260,2017-01-10,Turkey
83,XXXN0106,Y220-9S,3926,2017-01-07,270,2017-01-10,Thailand
84,XXXN0107,Y180LC-9,107,2017-01-07,280,2017-01-10,Turkey
85,XXXN0108,Y220LC-9S,3927,2017-01-07,290,2017-01-10,Malaysia
86,XXXN0109,Y220LC-9S,3928,2017-01-08,10,2017-01-10,Myanmar
87,XXXN0110,Y160LC-9S,149,2017-01-08,20,2017-01-10,Thailand
88,XXXN0111,Y220LC-9S,3929,2017-01-08,30,2017-01-10,Malaysia
89,XXXN0112,Y220LC-9S(L/R),3930,2017-01-08,40,2017-01-10,Egypt
90,XXXN0113,Y220-9S,3931,2017-01-08,50,2017-01-10,Thailand
91,XXXN0114,Y170W-9,186,2017-01-08,60,2017-01-10,Turkey
92,XXXN0115,Y220LC-9S,3932,2017-01-08,70,2017-01-10,Thailand
93,XXXN0116,Y220LC-9S,3933,2017-01-08,80,2017-01-10,Thailand
94,XXXN0117,Y220-9S,3934,2017-01-08,90,2017-01-10,Singapore
95,XXXN0118,Y220-9S,3935,2017-01-08,100,2017-01-10,Singapore
96,XXXN0119,Y260LC-9A,478,2017-01-08,110,2017-01-10,Belgium
97,XXXN0120,Y140W-9,504,2017-01-08,120,2017-01-10,US
98,XXXN0121,Y160LC-9S,150,2017-01-08,130,2017-01-11,Thailand
99,XXXN0122,Y210LC-9,1796,2017-01-08,140,2017-01-11,Australia
100,XXXN0123,Y220LC-9S(L/R),3936,2017-01-08,150,2017-01-11,Brazil
101,XXXN0124,Y210LC-7T,992,2017-01-08,160,2017-01-11,Turkey
102,XXXN0125,Y210LC-9,1797,2017-01-08,170,2017-01-11,Australia
103,XXXN0126,Y210W-9(34),328,2017-01-08,180,2017-01-11,Turkey
104,XXXN0127,Y210LC-7T,993,2017-01-08,190,2017-01-11,Turkey
105,XXXN0128,Y210LC-9,1798,2017-01-08,200,2017-01-11,Turkey
106,XXXN0129,Y210LC-7T,994,2017-01-08,210,2017-01-11,Turkey
107,XXXN0130,Y210LC-9,1799,2017-01-08,220,2017-01-11,Australia
108,XXXN0131,Y210LC-7T,995,2017-01-08,230,2017-01-11,Turkey
109,XXXN0132,Y210W-9(34),329,2017-01-08,240,2017-01-11,Turkey
110,XXXN0133,Y210LC-7T,996,2017-01-08,250,2017-01-11,Turkey
111,XXXN0134,Y210LC-9,1800,2017-01-08,260,2017-01-11,Turkey
112,XXXN0135,Y140LC,639,2017-01-08,270,2017-01-11,Korea
113,XXXN0136,Y210LC-7T,997,2017-01-08,280,2017-01-11,Turkey
114,XXXN0137,Y210LC-9,1801,2017-01-08,290,2017-01-11,Turkey
115,XXXN0138,Y210LC-9,1802,2017-01-09,10,2017-01-11,Australia
116,XXXN0139,Y210LC-7T,998,2017-01-09,20,2017-01-11,Turkey
117,XXXN0140,Y250LC-9,567,2017-01-09,30,2017-01-11,Australia
118,XXXN0141,Y210LC-7T,999,2017-01-09,40,2017-01-11,Turkey
119,XXXN0142,Y210LC-9,1803,2017-01-09,50,2017-01-11,Turkey
120,XXXN0143,Y210W-9(34),330,2017-01-09,60,2017-01-11,Australia
121,XXXN0144,Y220LC-9S,3937,2017-01-09,70,2017-01-11,Guyana
122,XXXN0145,Y220LC-9S(L/R),3938,2017-01-09,80,2017-01-11,Brazil
123,XXXN0146,Y210LC-9,1804,2017-01-09,90,2017-01-11,Turkey
124,XXXN0147,Y210LC-7T,1000,2017-01-09,100,2017-01-11,Turkey
125,XXXN0148,Y210LC-9,1805,2017-01-09,110,2017-01-11,Turkey
126,XXXN0149,Y140W-9,505,2017-01-09,120,2017-01-14,Belgium
127,XXXN0150,Y260LC-9A(5.1),479,2017-01-09,130,2017-01-14,US
128,XXXN0151,Y210LC-9,1806,2017-01-09,140,2017-01-14,Turkey
129,XXXN0152,Y210LC-9,1807,2017-01-09,150,2017-01-14,Turkey
130,XXXN0153,Y220LC-9S,3939,2017-01-09,160,2017-01-14,Guyana
131,XXXN0154,Y220LC-9SH,1756,2017-01-09,170,2017-01-14,Angola
132,XXXN0155,Y210W-9(34),331,2017-01-09,180,2017-01-14,Turkey
133,XXXN0156,Y220LC-9SH,1757,2017-01-09,190,2017-01-14,Saudi_Arabia
134,XXXN0157,Y220LC-9S,3940,2017-01-09,200,2017-01-14,Guyana
135,XXXN0158,Y140LC-9S,276,2017-01-09,210,2017-01-14,Algerie
136,XXXN0159,Y220LC-9S,3941,2017-01-09,220,2017-01-14,Guyana
137,XXXN0160,Y220LC-9S,3942,2017-01-09,230,2017-01-14,Guyana
138,XXXN0161,Y210W-9(34),332,2017-01-09,240,2017-01-14,Turkey
139,XXXN0162,Y220LC-9SH,1758,2017-01-09,250,2017-01-14,Saudi_Arabia
140,XXXN0163,Y220LC-9SH,1759,2017-01-09,260,2017-01-14,Saudi_Arabia
141,XXXN0164,Y140LC-9S,277,2017-01-09,270,2017-01-14,Algerie
142,XXXN0165,Y220LC-9SH,1760,2017-01-09,280,2017-01-14,Saudi_Arabia
143,XXXN0166,Y220LC-9S,3943,2017-01-09,290,2017-01-14,Guyana
144,XXXN0167,Y220LC-9S,3944,2017-01-10,10,2017-01-14,Guyana
145,XXXN0168,Y220LC-9S,3945,2017-01-10,20,2017-01-14,Saudi_Arabia
146,XXXN0169,Y220LC-9SH,1761,2017-01-10,30,2017-01-14,Saudi_Arabia
147,XXXN0170,Y210LC-9(42),1808,2017-01-10,40,2017-01-14,US
148,XXXN0171,Y220LC-9SH,1762,2017-01-10,50,2017-01-14,Saudi_Arabia
149,XXXN0172,Y140W-9S,187,2017-01-10,60,2017-01-14,Chile
150,XXXN0173,Y220LC-9SH,1763,2017-01-10,70,2017-01-14,Saudi_Arabia
151,XXXN0174,Y220LC-9S,3946,2017-01-10,80,2017-01-14,Guatemala
152,XXXN0175,Y210LC-9(42),1809,2017-01-10,90,2017-01-14,US
153,XXXN0176,Y220LC-9S,3947,2017-01-10,100,2017-01-14,Brazil
154,XXXN0177,Y220LC-9S,3948,2017-01-10,110,2017-01-14,Saudi_Arabia
155,XXXN0178,Y140W-9,506,2017-01-10,120,2017-01-15,Belgium
156,XXXN0179,Y220LC-9SH,1764,2017-01-10,130,2017-01-15,Saudi_Arabia
157,XXXN0180,Y220LC-9SH,1765,2017-01-10,140,2017-01-15,Saudi_Arabia
158,XXXN0181,Y220LC-9S,3949,2017-01-10,150,2017-01-15,Saudi_Arabia
159,XXXN0182,Y220LC-9S,3950,2017-01-10,160,2017-01-15,Russia
160,XXXN0183,Y260LC-9S,579,2017-01-10,170,2017-01-15,Algerie
161,XXXN0184,Y140W,1817,2017-01-10,180,2017-01-15,Korea
162,XXXN0185,Y220LC-9SH,1766,2017-01-10,190,2017-01-15,Saudi_Arabia
163,XXXN0186,Y220LC-9S,3951,2017-01-10,200,2017-01-15,Uzbekistan
164,XXXN0187,Y220LC-9SH,1767,2017-01-10,210,2017-01-15,Saudi_Arabia
165,XXXN0188,Y220LC-9S,3952,2017-01-10,220,2017-01-15,Laos
166,XXXN0189,Y260LC-9S,580,2017-01-10,230,2017-01-15,Brazil
167,XXXN0190,Y140W,1818,2017-01-10,240,2017-01-15,Korea
168,XXXN0191,Y220LC-9SH,1768,2017-01-10,250,2017-01-15,Saudi_Arabia
169,XXXN0192,Y220LC-9S,3953,2017-01-10,260,2017-01-15,Guatemala
170,XXXN0193,Y220LC-9S,3954,2017-01-10,270,2017-01-15,Brazil
171,XXXN0194,Y210LC-9(42),1810,2017-01-10,280,2017-01-15,US
172,XXXN0195,Y220LC-9S,3955,2017-01-10,290,2017-01-15,Saudi_Arabia
173,XXXN0196,Y220LC-9SH,1769,2017-01-11,10,2017-01-15,Saudi_Arabia
174,XXXN0197,Y220LC-9SH,1770,2017-01-11,20,2017-01-15,Saudi_Arabia
175,XXXN0198,Y220LC-9SH,1771,2017-01-11,30,2017-01-15,Saudi_Arabia
176,XXXN0199,Y220LC-9S,3956,2017-01-11,40,2017-01-15,Guatemala
177,XXXN0200,Y210LC-9(42),1811,2017-01-11,50,2017-01-15,US
178,XXXN0201,Y140W,1819,2017-01-11,60,2017-01-15,Korea
179,XXXN0202,Y220LC-9S,3957,2017-01-11,70,2017-01-15,Brazil
180,XXXN0203,Y220LC-9S,3958,2017-01-11,80,2017-01-15,Saudi_Arabia
181,XXXN0204,Y220LC-9SH,1772,2017-01-11,90,2017-01-15,Saudi_Arabia
182,XXXN0205,Y220LC-9SH,1773,2017-01-11,100,2017-01-15,Saudi_Arabia
183,XXXN0206,Y220LC-9SH,1774,2017-01-11,110,2017-01-15,Saudi_Arabia
184,XXXN0207,Y140W-9,507,2017-01-11,120,2017-01-16,Belgium
185,XXXN0208,Y220LC-9S,3959,2017-01-11,130,2017-01-16,Columbia
186,XXXN0209,Y220LC-9S,3960,2017-01-11,140,2017-01-16,Laos
187,XXXN0210,Y260LC-9S,581,2017-01-11,150,2017-01-16,Peru
188,XXXN0211,Y220LC-9S,3961,2017-01-11,160,2017-01-16,Russia
189,XXXN0212,Y220LC-9SH,1775,2017-01-11,170,2017-01-16,Saudi_Arabia
190,XXXN0213,Y140W,1820,2017-01-11,180,2017-01-16,Korea
191,XXXN0214,Y220LC-9S,3962,2017-01-11,190,2017-01-16,Russia
192,XXXN0215,Y220LC-9SH,1776,2017-01-11,200,2017-01-16,Saudi_Arabia
193,XXXN0216,Y220LC-9S,3963,2017-01-11,210,2017-01-16,Saudi_Arabia
194,XXXN0217,Y210LC-9(42),1812,2017-01-11,220,2017-01-16,US
195,XXXN0218,Y220LC-9SH,1777,2017-01-11,230,2017-01-16,Saudi_Arabia
196,XXXN0219,Y140W,1821,2017-01-11,240,2017-01-16,Korea
197,XXXN0220,Y220LC-9S,3964,2017-01-11,250,2017-01-16,Russia
198,XXXN0221,Y220LC-9S,3965,2017-01-11,260,2017-01-16,Saudi_Arabia
199,XXXN0222,Y220LC-9S,3966,2017-01-11,270,2017-01-16,Saudi_Arabia
200,XXXN0223,Y220LC-9SH,1778,2017-01-11,280,2017-01-16,Saudi_Arabia
201,XXXN0224,Y140LC-9S,278,2017-01-14,10,2017-01-16,Brazil
202,XXXN0225,Y220LC-9SH,1779,2017-01-14,20,2017-01-16,Saudi_Arabia
203,XXXN0226,Y220LC-9S,3967,2017-01-14,30,2017-01-16,Saudi_Arabia
204,XXXN0227,Y220LC-9S,3968,2017-01-14,40,2017-01-16,Saudi_Arabia
205,XXXN0228,Y220LC-9SH,1780,2017-01-14,50,2017-01-16,Saudi_Arabia
206,XXXN0229,Y140W,1822,2017-01-14,60,2017-01-16,Korea
207,XXXN0230,Y220LC-9SH,1781,2017-01-14,70,2017-01-16,Saudi_Arabia
208,XXXN0231,Y220LC-9S,3969,2017-01-14,80,2017-01-16,Saudi_Arabia
209,XXXN0232,Y220LC-9S,3970,2017-01-14,90,2017-01-16,Saudi_Arabia
210,XXXN0233,Y140LC-9S,279,2017-01-14,100,2017-01-16,Brazil
211,XXXN0234,Y220LC-9SH,1782,2017-01-14,110,2017-01-16,Saudi_Arabia
212,XXXN0235,Y140W-9,508,2017-01-14,120,2017-01-16,US
213,XXXN0236,Y220LC-9S,3971,2017-01-14,130,2017-01-17,Russia
214,XXXN0237,Y220LC-9S,3972,2017-01-14,140,2017-01-17,Saudi_Arabia
215,XXXN0238,Y220LC-9SH,1783,2017-01-14,150,2017-01-17,Saudi_Arabia
216,XXXN0239,Y220LC-9SH,1784,2017-01-14,160,2017-01-17,Saudi_Arabia
217,XXXN0240,Y220LC-9S,3973,2017-01-14,170,2017-01-17,Brazil
218,XXXN0241,Y140W,1823,2017-01-14,180,2017-01-17,Korea
219,XXXN0242,Y220LC-9S,3974,2017-01-14,190,2017-01-17,Columbia
220,XXXN0243,Y210LC-9(42),1813,2017-01-14,200,2017-01-17,US
221,XXXN0244,Y220LC-9SH,1785,2017-01-14,210,2017-01-17,Saudi_Arabia
222,XXXN0245,Y210LC-9(42),1814,2017-01-14,220,2017-01-17,US
223,XXXN0246,Y220LC-9S,3975,2017-01-14,230,2017-01-17,Saudi_Arabia
224,XXXN0247,Y140W,1824,2017-01-14,240,2017-01-17,Korea
225,XXXN0248,Y220LC-9S,3976,2017-01-14,250,2017-01-17,Russia
226,XXXN0249,Y220LC-9SH,1786,2017-01-14,260,2017-01-17,Saudi_Arabia
227,XXXN0250,Y220LC-9SH,1787,2017-01-14,270,2017-01-17,Saudi_Arabia
228,XXXN0251,Y220LC-9S,3977,2017-01-14,280,2017-01-17,Argentina
229,XXXN0252,Y220LC-9S,3978,2017-01-14,290,2017-01-17,Brazil
230,XXXN0253,Y160LC-9S,151,2017-01-15,10,2017-01-17,Russia
231,XXXN0254,Y220LC-9SH,1788,2017-01-15,20,2017-01-17,Saudi_Arabia
232,XXXN0255,Y220LC-9S,3979,2017-01-15,30,2017-01-17,Saudi_Arabia
233,XXXN0256,Y220LC-9S,3980,2017-01-15,40,2017-01-17,Russia
234,XXXN0257,Y220LC-9SH,1789,2017-01-15,50,2017-01-17,Saudi_Arabia
235,XXXN0258,Y140W,1825,2017-01-15,60,2017-01-17,Korea
236,XXXN0259,Y220LC-9SH,1790,2017-01-15,70,2017-01-17,Saudi_Arabia
237,XXXN0260,Y220LC-9S,3981,2017-01-15,80,2017-01-17,Russia
238,XXXN0261,Y220LC-9S,3982,2017-01-15,90,2017-01-17,Saudi_Arabia
239,XXXN0262,Y260LC-9S,582,2017-01-15,100,2017-01-17,Brazil
240,XXXN0263,Y220LC-9SH,1791,2017-01-15,110,2017-01-17,Saudi_Arabia
241,XXXN0264,Y140W-9S,188,2017-01-15,120,2017-01-17,Uzbekistan
242,XXXN0265,Y220LC-9S,3983,2017-01-15,130,2017-01-18,Saudi_Arabia
243,XXXN0266,Y220LC-9S,3984,2017-01-15,140,2017-01-18,Saudi_Arabia
244,XXXN0267,Y220LC-9SH,1792,2017-01-15,150,2017-01-18,Saudi_Arabia
245,XXXN0268,Y220LC-9SH,1793,2017-01-15,160,2017-01-18,Saudi_Arabia
246,XXXN0269,Y140LCD-9,640,2017-01-15,170,2017-01-18,US
247,XXXN0270,Y220LC-9S,3985,2017-01-15,180,2017-01-18,Saudi_Arabia
248,XXXN0271,Y210W-9(34),390,2017-01-15,190,2017-01-18,Azerbaijan
249,XXXN0272,Y220LC-9S,3986,2017-01-15,200,2017-01-18,Russia
250,XXXN0273,Y210LC-9(42),1815,2017-01-15,210,2017-01-18,US
251,XXXN0274,Y220LC-9SH,1794,2017-01-15,220,2017-01-18,Saudi_Arabia
252,XXXN0275,Y140LC-9S,280,2017-01-15,230,2017-01-18,Brazil
253,XXXN0276,Y220LC-9S,3987,2017-01-15,240,2017-01-18,Laos
254,XXXN0277,Y180W-9S,437,2017-01-15,250,2017-01-18,Azerbaijan
255,XXXN0278,Y220LC-9S,3988,2017-01-15,260,2017-01-18,Vietnam
256,XXXN0279,Y220LC-9SH,1795,2017-01-15,270,2017-01-18,Saudi_Arabia
257,XXXN0280,Y220LC-9SH,1796,2017-01-15,280,2017-01-18,Saudi_Arabia
258,XXXN0281,Y220LC-9S,3989,2017-01-15,290,2017-01-18,Russia
259,XXXN0282,Y220LC-9S,3990,2017-01-16,10,2017-01-18,Russia
260,XXXN0283,Y220LC-9S,3991,2017-01-16,20,2017-01-18,Sudan
261,XXXN0284,Y220LC-9SH,1797,2017-01-16,30,2017-01-18,Saudi_Arabia
262,XXXN0285,Y220LC-9S,3992,2017-01-16,40,2017-01-18,Russia
263,XXXN0286,Y140LCD-9,641,2017-01-16,50,2017-01-18,US
264,XXXN0287,Y220LC-9S,3993,2017-01-16,60,2017-01-18,Saudi_Arabia
265,XXXN0288,Y140W-9S,189,2017-01-16,70,2017-01-18,Uzbekistan
266,XXXN0289,Y220LC-9SH,1798,2017-01-16,80,2017-01-18,Saudi_Arabia
267,XXXN0290,Y160LC-9S,152,2017-01-16,90,2017-01-18,Russia
268,XXXN0291,Y220LC-9S,3994,2017-01-16,100,2017-01-18,Saudi_Arabia
269,XXXN0292,Y220LC-9S,3995,2017-01-16,110,2017-01-18,Russia
270,XXXN0293,Y220LC-9SH,1799,2017-01-16,120,2017-01-18,Saudi_Arabia
271,XXXN0294,Y210W-9(34),391,2017-01-16,130,2017-01-21,Azerbaijan
272,XXXN0295,Y220LC-9S,3996,2017-01-16,140,2017-01-21,Saudi_Arabia
273,XXXN0296,Y140LC-9S,281,2017-01-16,150,2017-01-21,Brazil
274,XXXN0297,Y220LC-9S,3997,2017-01-16,160,2017-01-21,Saudi_Arabia
275,XXXN0298,Y220LC-9S,3998,2017-01-16,170,2017-01-21,Saudi_Arabia
276,XXXN0299,Y220LC-9SH,1800,2017-01-16,180,2017-01-21,Saudi_Arabia
277,XXXN0300,Y180W-9S,438,2017-01-16,190,2017-01-21,Azerbaijan
278,XXXN0301,Y220LC-9S,3999,2017-01-16,200,2017-01-21,Saudi_Arabia
279,XXXN0302,Y220LC-9S,4000,2017-01-16,210,2017-01-21,Saudi_Arabia
280,XXXN0303,Y220LC-9SH,1801,2017-01-16,220,2017-01-21,Saudi_Arabia
281,XXXN0304,Y220LC-9S,4001,2017-01-16,230,2017-01-21,Saudi_Arabia
282,XXXN0305,Y220LC-9SH,1802,2017-01-16,240,2017-01-21,Saudi_Arabia
283,XXXN0306,Y210W-9(34),392,2017-01-16,250,2017-01-21,Azerbaijan
284,XXXN0307,Y260LC-9S,583,2017-01-16,260,2017-01-21,Peru
285,XXXN0308,Y220LC-9S,4002,2017-01-16,270,2017-01-21,Russia
286,XXXN0309,Y220LC-9S,4003,2017-01-16,280,2017-01-21,Saudi_Arabia
287,XXXN0310,Y220LC-9S,4004,2017-01-16,290,2017-01-21,Iraq
288,XXXN0311,Y220LC-9SH,1803,2017-01-17,10,2017-01-21,Saudi_Arabia
289,XXXN0312,Y140LC-9S,282,2017-01-17,20,2017-01-21,Brazil
290,XXXN0313,Y220LC-9S,4005,2017-01-17,30,2017-01-21,Saudi_Arabia
291,XXXN0314,Y220LC-9SH,1804,2017-01-17,40,2017-01-21,Saudi_Arabia
292,XXXN0315,Y220LC-9S,4006,2017-01-17,50,2017-01-21,Saudi_Arabia
293,XXXN0316,Y210W-9(34),393,2017-01-17,60,2017-01-21,Azerbaijan
294,XXXN0317,Y220LC-9S,4007,2017-01-17,70,2017-01-21,Russia
295,XXXN0318,Y140LCD-9,642,2017-01-17,80,2017-01-21,US
296,XXXN0319,Y260LC-9S,584,2017-01-17,90,2017-01-21,Brazil
297,XXXN0320,Y220LC-9SH,1805,2017-01-17,100,2017-01-21,Saudi_Arabia
298,XXXN0321,Y220LC-9S,4008,2017-01-17,110,2017-01-21,Surinam
299,XXXN0322,Y140W-9S,190,2017-01-17,120,2017-01-21,Laos
300,XXXN0323,Y220LC-9S,4009,2017-01-17,130,2017-01-22,Brazil
301,XXXN0324,Y260LC-9S,585,2017-01-17,140,2017-01-22,Peru
302,XXXN0325,Y220LC-9S,4010,2017-01-17,150,2017-01-22,Russia
303,XXXN0326,Y220LC-9S,4011,2017-01-17,160,2017-01-22,Saudi_Arabia
304,XXXN0327,Y220LC-9S,4012,2017-01-17,170,2017-01-22,Saudi_Arabia
305,XXXN0328,Y180W-9S,439,2017-01-17,180,2017-01-22,Cambodia
306,XXXN0329,Y210LC-9(42),1816,2017-01-17,190,2017-01-22,US
307,XXXN0330,Y220LC-9S,4013,2017-01-17,200,2017-01-22,Chile
308,XXXN0331,Y220LC-9S,4014,2017-01-17,210,2017-01-22,Brazil
309,XXXN0332,Y260LC-9S,586,2017-01-17,220,2017-01-22,Brazil
310,XXXN0333,Y160LC-9S,153,2017-01-17,230,2017-01-22,Russia
311,XXXN0334,Y140W-9S,191,2017-01-17,240,2017-01-22,Laos
312,XXXN0335,Y220LC-9S,4015,2017-01-17,250,2017-01-22,Chile
313,XXXN0336,Y220LC-9S,4016,2017-01-17,260,2017-01-22,Saudi_Arabia
314,XXXN0337,Y220LC-9S,4017,2017-01-17,270,2017-01-22,Saudi_Arabia
315,XXXN0338,Y210LC-9(42),1817,2017-01-17,280,2017-01-22,US
316,XXXN0339,Y220LC-9S,4018,2017-01-17,290,2017-01-22,Brazil
317,XXXN0340,Y220LC-9S,4019,2017-01-18,10,2017-01-22,Guatemala
318,XXXN0341,Y220LC-9S,4020,2017-01-18,20,2017-01-22,Brazil
319,XXXN0342,Y220LC-9S,4021,2017-01-18,30,2017-01-22,Saudi_Arabia
320,XXXN0343,Y220LC-9S,4022,2017-01-18,40,2017-01-22,Saudi_Arabia
321,XXXN0344,Y210W-9(34),394,2017-01-18,50,2017-01-22,Azerbaijan
322,XXXN0345,Y210LC-9,1818,2017-01-18,60,2017-01-22,Belgium
323,XXXN0346,Y140LCD-9,643,2017-01-18,70,2017-01-22,US
324,XXXN0347,Y220LC-9S,4023,2017-01-18,80,2017-01-22,Brazil
325,XXXN0348,Y220LC-9S,4024,2017-01-18,90,2017-01-22,Columbia
326,XXXN0349,Y220LC-9S,4025,2017-01-18,100,2017-01-22,Brazil
327,XXXN0350,Y220LC-9S,4026,2017-01-18,110,2017-01-22,Russia
328,XXXN0351,Y210W-9(34),395,2017-01-18,120,2017-01-22,Azerbaijan
329,XXXN0352,Y220LC-9S,4027,2017-01-18,130,2017-01-23,Saudi_Arabia
330,XXXN0353,Y210LC-9,1819,2017-01-18,140,2017-01-23,Belgium
331,XXXN0354,Y260LC-9S,587,2017-01-18,150,2017-01-23,Peru
332,XXXN0355,Y220LC-9S,4028,2017-01-18,160,2017-01-23,Brazil
333,XXXN0356,Y220LC-9S,4029,2017-01-18,170,2017-01-23,Columbia
334,XXXN0357,Y210W-9(34),396,2017-01-18,180,2017-01-23,Algerie
335,XXXN0358,Y220LC-9S,4030,2017-01-18,190,2017-01-23,Saudi_Arabia
336,XXXN0359,Y220LC-9S,4031,2017-01-18,200,2017-01-23,Russia
337,XXXN0360,Y220LC-9S,4032,2017-01-18,210,2017-01-23,Saudi_Arabia
338,XXXN0361,Y210LC-9,1820,2017-01-18,220,2017-01-23,Belgium
339,XXXN0362,Y220LC-9S,4033,2017-01-18,230,2017-01-23,Saudi_Arabia
340,XXXN0363,Y140W-9,509,2017-01-18,240,2017-01-23,Belgium
341,XXXN0364,Y220LC-9S,4034,2017-01-18,250,2017-01-23,Saudi_Arabia
342,XXXN0365,Y220LC-9S,4035,2017-01-18,260,2017-01-23,Russia
343,XXXN0366,Y220LC-9S,4036,2017-01-18,270,2017-01-23,Saudi_Arabia
344,XXXN0367,Y220LC-9S,4037,2017-01-18,280,2017-01-23,Russia
345,XXXN0368,Y260LC-9S,588,2017-01-18,290,2017-01-23,Brazil
346,XXXN0369,Y220LC-9S,4038,2017-01-21,10,2017-01-23,Brazil
347,XXXN0370,Y220LC-9SH,1806,2017-01-21,20,2017-01-23,Middle_East
348,XXXN0371,Y220LC-9SH,1807,2017-01-21,30,2017-01-23,Middle_East
349,XXXN0372,Y220LC-9S,4039,2017-01-21,40,2017-01-23,Brazil
350,XXXN0373,Y220LC-9S,4040,2017-01-21,50,2017-01-23,Argentina
351,XXXN0374,Y210LC-9,1821,2017-01-21,60,2017-01-23,Belgium
352,XXXN0375,Y180W-9S,440,2017-01-21,70,2017-01-23,Russia
353,XXXN0376,Y220LC-9S,4041,2017-01-21,80,2017-01-23,Argentina
354,XXXN0377,Y260LC-9S,589,2017-01-21,90,2017-01-23,Ecuador
355,XXXN0378,Y140LCD-9,644,2017-01-21,100,2017-01-23,Belgium
356,XXXN0379,Y220LC-9S,4042,2017-01-21,110,2017-01-23,Argentina
357,XXXN0380,Y210LC-9,1822,2017-01-21,120,2017-01-23,Belgium
358,XXXN0381,Y140W-9S,192,2017-01-21,130,2017-01-24,Cambodia
359,XXXN0382,Y220LC-9S,4043,2017-01-21,140,2017-01-24,Argentina
360,XXXN0383,Y260LC-9S,590,2017-01-21,150,2017-01-24,Brazil
361,XXXN0384,Y220LC-9S,4044,2017-01-21,160,2017-01-24,Brazil
362,XXXN0385,Y160LC-9S,154,2017-01-21,170,2017-01-24,Russia
363,XXXN0386,Y220LC-9S,4045,2017-01-21,180,2017-01-24,Russia
364,XXXN0387,Y210W-9(34),397,2017-01-21,190,2017-01-24,Azerbaijan
365,XXXN0388,Y220LC-9S,4046,2017-01-21,200,2017-01-24,Saudi_Arabia
366,XXXN0389,Y220LC-9SH,1808,2017-01-21,210,2017-01-24,Middle_East
367,XXXN0390,Y220LC-9SH,1809,2017-01-21,220,2017-01-24,Middle_East
368,XXXN0391,Y220LC-9S,4047,2017-01-21,230,2017-01-24,Saudi_Arabia
369,XXXN0392,Y220LC-9S,4048,2017-01-21,240,2017-01-24,Saudi_Arabia
370,XXXN0393,Y180W-9S,441,2017-01-21,250,2017-01-24,Russia
371,XXXN0394,Y220LC-9S,4049,2017-01-21,260,2017-01-24,Saudi_Arabia
372,XXXN0395,Y220LC-9SH,1810,2017-01-21,270,2017-01-24,Middle_East
373,XXXN0396,Y220LC-9S,4050,2017-01-21,280,2017-01-24,Saudi_Arabia
374,XXXN0397,Y220LC-9S,4051,2017-01-21,290,2017-01-24,Saudi_Arabia
375,XXXN0398,Y220LC-9S,4052,2017-01-22,10,2017-01-24,Saudi_Arabia
376,XXXN0399,Y220LC-9S,4053,2017-01-22,20,2017-01-24,Saudi_Arabia
377,XXXN0400,Y220LC-9SH,1811,2017-01-22,30,2017-01-24,Middle_East
378,XXXN0401,Y220LC-9SH,1812,2017-01-22,40,2017-01-24,Middle_East
379,XXXN0402,Y220LC-9SH,1813,2017-01-22,50,2017-01-24,Middle_East
380,XXXN0403,Y180W-9S,442,2017-01-22,60,2017-01-24,Russia
381,XXXN0404,Y220LC-9S,4054,2017-01-22,70,2017-01-24,Saudi_Arabia
382,XXXN0405,Y220LC-9S,4055,2017-01-22,80,2017-01-24,Saudi_Arabia
383,XXXN0406,Y220LC-9S,4056,2017-01-22,90,2017-01-24,Russia
384,XXXN0407,Y220LC-9S,4057,2017-01-22,100,2017-01-24,Saudi_Arabia
385,XXXN0408,Y260LC-9S,591,2017-01-22,110,2017-01-24,Ecuador
386,XXXN0409,Y180W-9S,443,2017-01-22,120,2017-01-24,Russia
387,XXXN0410,Y220LC-9SH,1814,2017-01-22,130,2017-01-25,Middle_East
388,XXXN0411,Y220LC-9SH,1815,2017-01-22,140,2017-01-25,Middle_East
389,XXXN0412,Y220LC-9S,4058,2017-01-22,150,2017-01-25,Saudi_Arabia
390,XXXN0413,Y220LC-9S,4059,2017-01-22,160,2017-01-25,Russia
391,XXXN0414,Y220LC-9S,4060,2017-01-22,170,2017-01-25,Saudi_Arabia
392,XXXN0415,Y140W-9S,193,2017-01-22,180,2017-01-25,Brazil
393,XXXN0416,Y210LC-9,1823,2017-01-22,190,2017-01-25,Belgium
394,XXXN0417,Y220LC-9S(L/R),4061,2017-01-22,200,2017-01-25,Argentina
395,XXXN0418,Y220LC-9SH,1816,2017-01-22,210,2017-01-25,Middle_East
396,XXXN0419,Y260LC-9S,592,2017-01-22,220,2017-01-25,Malaysia
397,XXXN0420,Y220LC-9SH,1817,2017-01-22,230,2017-01-25,Africa
398,XXXN0421,Y210W-9(34),398,2017-01-22,240,2017-01-25,Azerbaijan
399,XXXN0422,Y220LC-9S,4062,2017-01-22,250,2017-01-25,Saudi_Arabia
400,XXXN0423,Y140LCD-9,645,2017-01-22,260,2017-01-25,US
401,XXXN0424,Y220LC-9S,4063,2017-01-22,270,2017-01-25,Russia
402,XXXN0425,Y220LC-9S,4064,2017-01-22,280,2017-01-25,Saudi_Arabia
403,XXXN0426,Y220LC-9SH,1818,2017-01-22,290,2017-01-25,Middle_East
404,XXXN0427,Y220LC-9SH,1819,2017-01-23,10,2017-01-25,Middle_East
405,XXXN0428,Y220LC-9SH,1820,2017-01-23,20,2017-01-25,Middle_East
406,XXXN0429,Y220LC-9S,4065,2017-01-23,30,2017-01-25,Saudi_Arabia
407,XXXN0430,Y220LC-9S,4066,2017-01-23,40,2017-01-25,Russia
408,XXXN0431,Y160LC-9S,155,2017-01-23,50,2017-01-25,Russia
409,XXXN0432,Y220LC-9S,4067,2017-01-23,60,2017-01-25,Russia
410,XXXN0433,Y180W-9S,444,2017-01-23,70,2017-01-25,Russia
411,XXXN0434,Y220LC-9S,4068,2017-01-23,80,2017-01-25,Saudi_Arabia
412,XXXN0435,Y220LC-9SH,1821,2017-01-23,90,2017-01-25,Middle_East
413,XXXN0436,Y220LC-9SH,1822,2017-01-23,100,2017-01-25,Middle_East
414,XXXN0437,Y220LC-9S,4069,2017-01-23,110,2017-01-25,Saudi_Arabia
415,XXXN0438,Y180W-9S,445,2017-01-23,120,2017-01-25,Russia
416,XXXN0439,Y220LC-9S,4070,2017-01-23,130,2017-01-28,Ukrane
417,XXXN0440,Y220LC-9S,4071,2017-01-23,140,2017-01-28,Saudi_Arabia
418,XXXN0441,Y220LC-9S,4072,2017-01-23,150,2017-01-28,Saudi_Arabia
419,XXXN0442,Y220LC-9SH,1823,2017-01-23,160,2017-01-28,Middle_East
420,XXXN0443,Y260LC-9S,593,2017-01-23,170,2017-01-28,Russia
421,XXXN0444,Y140W-9S,194,2017-01-23,180,2017-01-28,Russia
422,XXXN0445,Y220LC-9SH,1824,2017-01-23,190,2017-01-28,Middle_East
423,XXXN0446,Y220LC-9S,4073,2017-01-23,200,2017-01-28,Brazil
424,XXXN0447,Y220LC-9S,4074,2017-01-23,210,2017-01-28,Saudi_Arabia
425,XXXN0448,Y210W-9(34),399,2017-01-23,220,2017-01-28,Algerie
426,XXXN0449,Y220LC-9S,4075,2017-01-23,230,2017-01-28,Russia
427,XXXN0450,Y210LC-9,1824,2017-01-23,240,2017-01-28,Belgium
428,XXXN0451,Y140LCD-9,646,2017-01-23,250,2017-01-28,US
429,XXXN0452,Y220LC-9SH,1825,2017-01-23,260,2017-01-28,Middle_East
430,XXXN0453,Y220LC-9S,4076,2017-01-23,270,2017-01-28,Saudi_Arabia
431,XXXN0454,Y220LC-9S,4077,2017-01-23,280,2017-01-28,Saudi_Arabia
432,XXXN0455,Y140W-9,510,2017-01-23,290,2017-01-28,Belgium
433,XXXN0456,Y220LC-9SH,1826,2017-01-24,10,2017-01-28,Middle_East
434,XXXN0457,Y220LC-9SH,1827,2017-01-24,20,2017-01-28,Middle_East
435,XXXN0458,Y210LC-9,1825,2017-01-24,30,2017-01-28,Belgium
436,XXXN0459,Y260LC-9S,594,2017-01-24,40,2017-01-28,Russia
437,XXXN0460,Y220LC-9S,4078,2017-01-24,50,2017-01-28,Saudi_Arabia
438,XXXN0461,Y220LC-9S,4079,2017-01-24,60,2017-01-28,Saudi_Arabia
439,XXXN0462,Y220LC-9SH,1828,2017-01-24,70,2017-01-28,Middle_East
440,XXXN0463,Y140W-9,511,2017-01-24,80,2017-01-28,Belgium
441,XXXN0464,Y220LC-9S,4080,2017-01-24,90,2017-01-28,Russia
442,XXXN0465,Y220LC-9S,4081,2017-01-24,100,2017-01-28,Russia
443,XXXN0466,Y220LC-9SH,1829,2017-01-24,110,2017-01-28,Middle_East
444,XXXN0467,Y220LC-9SH,1830,2017-01-24,120,2017-01-28,Africa
445,XXXN0468,Y260LC-9S,595,2017-01-24,130,2017-01-29,Brazil
446,XXXN0469,Y220LC-9S,4082,2017-01-24,140,2017-01-29,Russia
447,XXXN0470,Y220LC-9S,4083,2017-01-24,150,2017-01-29,Saudi_Arabia
448,XXXN0471,Y140W-9,512,2017-01-24,160,2017-01-29,Belgium
449,XXXN0472,Y220LC-9SH,1831,2017-01-24,170,2017-01-29,Middle_East
450,XXXN0473,Y220LC-9S,4084,2017-01-24,180,2017-01-29,Russia
451,XXXN0474,Y220LC-9S,4085,2017-01-24,190,2017-01-29,Saudi_Arabia
452,XXXN0475,Y220LC-9SH,1832,2017-01-24,200,2017-01-29,Middle_East
453,XXXN0476,Y260LC-9S,596,2017-01-24,210,2017-01-29,Venezuela
454,XXXN0477,Y220LC-9SH,1833,2017-01-24,220,2017-01-29,Middle_East
455,XXXN0478,Y220LC-9S,4086,2017-01-24,230,2017-01-29,Brazil
456,XXXN0479,Y210LC-9,1826,2017-01-24,240,2017-01-29,Belgium
457,XXXN0480,Y220LC-9S,4087,2017-01-24,250,2017-01-29,Belarus
458,XXXN0481,Y220LC-9S,4088,2017-01-24,260,2017-01-29,Saudi_Arabia
459,XXXN0482,Y140W-9,513,2017-01-24,270,2017-01-29,Belgium
460,XXXN0483,Y220LC-9SH,1834,2017-01-24,280,2017-01-29,Middle_East
461,XXXN0484,Y220LC-9S,4089,2017-01-24,290,2017-01-29,Saudi_Arabia
462,XXXN0485,Y220LC-9S,4090,2017-01-25,10,2017-01-29,Russia
463,XXXN0486,Y220LC-9SH,1835,2017-01-25,20,2017-01-29,Middle_East
464,XXXN0487,Y220LC-9SH,1836,2017-01-25,30,2017-01-29,Middle_East
465,XXXN0488,Y210LC-9,1827,2017-01-25,40,2017-01-29,Belgium
466,XXXN0489,Y220LC-9S,4091,2017-01-25,50,2017-01-29,Saudi_Arabia
467,XXXN0490,Y220LC-9S,4092,2017-01-25,60,2017-01-29,Saudi_Arabia
468,XXXN0491,Y220LC-9SH,1837,2017-01-25,70,2017-01-29,Middle_East
469,XXXN0492,Y220LC-9S,4093,2017-01-25,80,2017-01-29,Saudi_Arabia
470,XXXN0493,Y220LC-9S,4094,2017-01-25,90,2017-01-29,Russia
471,XXXN0494,Y220LC-9SH,1838,2017-01-25,100,2017-01-29,Middle_East
472,XXXN0495,Y220LC-9SH,1839,2017-01-25,110,2017-01-29,Middle_East
473,XXXN0496,Y210LC-9,1828,2017-01-25,120,2017-01-29,Belgium
474,XXXN0497,Y220LC-9S,4095,2017-01-25,130,2017-01-30,Saudi_Arabia
475,XXXN0498,Y220LC-9S,4096,2017-01-25,140,2017-01-30,Saudi_Arabia
476,XXXN0499,Y260LC-9S,597,2017-01-25,150,2017-01-30,Brazil
477,XXXN0500,Y220LC-9S,4097,2017-01-25,160,2017-01-30,Russia
478,XXXN0501,Y220LC-9S,4098,2017-01-25,170,2017-01-30,Saudi_Arabia
479,XXXN0502,Y220LC-9SH,1840,2017-01-25,180,2017-01-30,Middle_East
480,XXXN0503,Y220LC-9SH,1841,2017-01-25,190,2017-01-30,Middle_East
481,XXXN0504,Y210LC-9,1829,2017-01-25,200,2017-01-30,Belgium
482,XXXN0505,Y220LC-9S,4099,2017-01-25,210,2017-01-30,Saudi_Arabia
483,XXXN0506,Y220LC-9S,4100,2017-01-25,220,2017-01-30,Saudi_Arabia
484,XXXN0507,Y220LC-9S,4101,2017-01-25,230,2017-01-30,Russia
485,XXXN0508,Y220LC-9SH,1842,2017-01-25,240,2017-01-30,Middle_East
486,XXXN0509,Y220LC-9SH,1843,2017-01-25,250,2017-01-30,Africa
487,XXXN0510,Y180W-9S,446,2017-01-25,260,2017-01-30,Russia
488,XXXN0511,Y210LC-9,1830,2017-01-25,270,2017-01-30,Belgium
489,XXXN0512,Y220LC-9S,4102,2017-01-25,280,2017-01-30,Saudi_Arabia
490,XXXN0513,Y220LC-9S,4103,2017-01-25,290,2017-01-30,Saudi_Arabia
491,XXXN0514,Y220LC-9S,4104,2017-01-28,10,2017-01-30,Russia
492,XXXN0515,Y220LC-9S(L/R),4105,2017-01-28,20,2017-01-30,Brazil
493,XXXN0516,Y220LC-9SH,1844,2017-01-28,30,2017-01-30,Middle_East
494,XXXN0517,Y220LC-9SH,1845,2017-01-28,40,2017-01-30,Middle_East
495,XXXN0518,Y210LC-9,1831,2017-01-28,50,2017-01-30,Belgium
496,XXXN0519,Y220LC-9S,4106,2017-01-28,60,2017-01-30,Russia
497,XXXN0520,Y220LC-9S,4107,2017-01-28,70,2017-01-30,Saudi_Arabia
498,XXXN0521,Y220LC-9S,4108,2017-01-28,80,2017-01-30,Saudi_Arabia
499,XXXN0522,Y220LC-9SH,1846,2017-01-28,90,2017-01-30,Middle_East
500,XXXN0523,Y220LC-9SH,1847,2017-01-28,100,2017-01-30,Middle_East
501,XXXN0524,Y220LC-9SH,1848,2017-01-28,110,2017-01-30,Middle_East
502,XXXN0525,Y210LC-9,1832,2017-01-28,120,2017-01-30,Belgium
503,XXXN0526,Y220LC-9S,4109,2017-01-28,130,2017-01-31,Russia
504,XXXN0527,Y220LC-9S,4110,2017-01-28,140,2017-01-31,Saudi_Arabia
505,XXXN0528,Y220LC-9S,4111,2017-01-28,150,2017-01-31,Saudi_Arabia
506,XXXN0529,Y220LC-9S,4112,2017-01-28,160,2017-01-31,Russia
507,XXXN0530,Y220LC-9SH,1849,2017-01-28,170,2017-01-31,Middle_East
508,XXXN0531,Y220LC-9SH,1850,2017-01-28,180,2017-01-31,Middle_East
509,XXXN0532,Y210LC-9(42),1833,2017-01-28,190,2017-01-31,US
510,XXXN0533,Y220LC-9S,4113,2017-01-28,200,2017-01-31,Saudi_Arabia
511,XXXN0534,Y220LC-9S,4114,2017-01-28,210,2017-01-31,Belarus
512,XXXN0535,Y220LC-9S(L/R),4115,2017-01-28,220,2017-01-31,Brazil
513,XXXN0536,Y220LC-9S,4116,2017-01-28,230,2017-01-31,Saudi_Arabia
514,XXXN0537,Y220LC-9S,4117,2017-01-28,240,2017-01-31,Russia
515,XXXN0538,Y220LC-9SH,1851,2017-01-28,250,2017-01-31,Middle_East
516,XXXN0539,Y220LC-9SH,1852,2017-01-28,260,2017-01-31,Middle_East
517,XXXN0540,Y210LC-9(42),1834,2017-01-28,270,2017-01-31,US
518,XXXN0541,Y220LC-9S,4118,2017-01-28,280,2017-01-31,Saudi_Arabia
519,XXXN0542,Y220LC-9S,4119,2017-01-28,290,2017-01-31,Saudi_Arabia
520,XXXN0543,Y220LC-9S,4120,2017-01-29,10,2017-01-31,Russia
521,XXXN0544,Y210LC-9(42),1835,2017-01-29,20,2017-01-31,US
522,XXXN0545,Y220LC-9SH,1853,2017-01-29,30,2017-01-31,South_Asia
523,XXXN0546,Y210LC-9(42),1836,2017-01-29,40,2017-01-31,US
524,XXXN0547,Y220LC-9S,4121,2017-01-29,50,2017-01-31,Laos
525,XXXN0548,Y220LC-9S,4122,2017-01-29,60,2017-01-31,Laos
526,XXXN0549,Y220LC-9S,4123,2017-01-29,70,2017-01-31,Sudan
527,XXXN0550,Y220LC-9S,4124,2017-01-29,80,2017-01-31,Laos
528,XXXN0551,Y210LC-9(42),1837,2017-01-29,90,2017-01-31,US
529,XXXN0552,Y220LC-9SH,1854,2017-01-29,100,2017-01-31,Middle_East
530,XXXN0553,Y220LC-9SH,1855,2017-01-29,110,2017-01-31,Middle_East
531,XXXN0554,Y260LC-9S,598,2017-01-29,120,2017-01-31,Venezuela
532,XXXN0555,Y220LC-9S,4125,2017-01-29,130,1900-01-02,Saudi_Arabia
533,XXXN0556,Y220LC-9S,4126,2017-01-29,140,1900-01-02,Saudi_Arabia
534,XXXN0557,Y220LC-9S,4127,2017-01-29,150,1900-01-02,Russia
535,XXXN0558,Y220LC-9S,4128,2017-01-29,160,1900-01-02,Russia
536,XXXN0559,Y220LC-9S,4129,2017-01-29,170,1900-01-02,Saudi_Arabia
537,XXXN0560,Y220LC-9S,4130,2017-01-29,180,1900-01-02,Saudi_Arabia
538,XXXN0561,Y140W,1826,2017-01-29,190,1900-01-02,Korea
539,XXXN0562,Y220LC-9S,4131,2017-01-29,200,1900-01-02,Russia
540,XXXN0563,Y220LC-9S,4132,2017-01-29,210,1900-01-02,Saudi_Arabia
541,XXXN0564,Y220LC-9S,4133,2017-01-29,220,1900-01-02,Saudi_Arabia
542,XXXN0565,Y220LC-9S,4134,2017-01-29,230,1900-01-02,Russia
543,XXXN0566,Y220LC-9S,4135,2017-01-29,240,1900-01-02,Saudi_Arabia
544,XXXN0567,Y220LC-9S,4136,2017-01-29,250,1900-01-02,Saudi_Arabia
545,XXXN0568,Y140W,1827,2017-01-29,260,1900-01-02,Korea
546,XXXN0569,Y220LC-9S,4137,2017-01-29,270,1900-01-02,Russia
547,XXXN0570,Y220LC-9S,4138,2017-01-29,280,1900-01-02,Iraq
548,XXXN0571,Y220LC-9S,4139,2017-01-29,290,1900-01-02,Iraq
549,XXXN0572,Y220LC-9S,4140,2017-01-30,10,1900-01-02,Russia
550,XXXN0573,Y220LC-9S,4141,2017-01-30,20,1900-01-02,Iraq
551,XXXN0574,Y140W,1828,2017-01-30,30,1900-01-02,Korea
552,XXXN0575,Y220LC-9S,4142,2017-01-30,40,1900-01-02,Iraq
553,XXXN0576,Y220LC-9S,4143,2017-01-30,50,1900-01-02,Russia
554,XXXN0577,Y220LC-9S,4144,2017-01-30,60,1900-01-02,Iraq
555,XXXN0578,Y220LC-9S,4145,2017-01-30,70,1900-01-02,Iraq
556,XXXN0579,Y220LC-9S,4146,2017-01-30,80,1900-01-02,Russia
557,XXXN0580,Y140W,1829,2017-01-30,90,1900-01-02,Korea
558,XXXN0581,Y220LC-9S,4147,2017-01-30,100,1900-01-02,Iraq
559,XXXN0582,Y220LC-9S,4148,2017-01-30,110,1900-01-02,Iraq
560,XXXN0583,Y220LC-9S,4149,2017-01-30,120,1900-01-02,Tanzania
561,XXXN0584,Y220LC-9S,4150,2017-01-30,130,1900-01-02,Tanzania
562,XXXN0585,Y220LC-9S,4151,2017-01-30,140,1900-01-02,Kyrgyzstan
563,XXXN0586,Y220LC-9S,4152,2017-01-30,150,1900-01-02,Tanzania
564,XXXN0587,Y140W,1830,2017-01-30,160,1900-01-02,Korea
565,XXXN0588,Y220LC-9S,4153,2017-01-30,170,1900-01-02,Tanzania
566,XXXN0589,Y220LC-9S,4154,2017-01-30,180,1900-01-02,Tanzania
567,XXXN0590,Y220LC-9S,4155,2017-01-30,190,1900-01-02,Kazakhstan
568,XXXN0591,Y220LC-9S,4156,2017-01-30,200,1900-01-02,Tajikistan
569,XXXN0592,Y220LC-9S(L/R),4157,2017-01-30,210,1900-01-02,Brazil
570,XXXN0593,Y220LC-9S,4158,2017-01-30,220,1900-01-02,Surinam
571,XXXN0594,Y140W,1831,2017-01-30,230,1900-01-02,Korea
572,XXXN0595,Y220LC-9S,4159,2017-01-30,240,1900-01-02,Saudi_Arabia
573,XXXN0596,Y220LC-9S(L/R),4160,2017-01-30,250,1900-01-02,Brazil
574,XXXN0597,Y220LC-9S,4161,2017-01-30,260,1900-01-02,Brazil
575,XXXN0598,Y220LC-9S,4162,2017-01-30,270,1900-01-02,Algerie
576,XXXN0599,Y220LC-9S,4163,2017-01-30,280,1900-01-02,Algerie
577,XXXN0600,Y220LC-9S,4164,2017-01-30,290,1900-01-02,Kazakhstan
578,XXXN0601,Y140W,1832,2017-01-31,10,1900-01-02,Korea
579,XXXN0602,Y220LC-9S,4165,2017-01-31,20,1900-01-02,Algerie
580,XXXN0603,Y220LC-9S,4166,2017-01-31,30,1900-01-02,Myanmar
581,XXXN0604,Y220LC-9S,4167,2017-01-31,40,1900-01-02,Myanmar
582,XXXN0605,Y220LC-9S,4168,2017-01-31,50,1900-01-02,Sudan
583,XXXN0606,Y220LC-9S,4169,2017-01-31,60,1900-01-02,Myanmar
584,XXXN0607,Y220LC-9S,4170,2017-01-31,70,1900-01-02,Myanmar
585,XXXN0608,Y140W,1833,2017-01-31,80,1900-01-02,Korea
586,XXXN0609,Y220LC-9S,4171,2017-01-31,90,1900-01-02,Sudan
587,XXXN0610,Y220LC-9S,4172,2017-01-31,100,1900-01-02,Myanmar
588,XXXN0611,Y220LC-9S,4173,2017-01-31,110,1900-01-02,Myanmar
589,XXXN0612,Y220LC-9S,4174,2017-01-31,120,1900-01-02,Vietnam
590,XXXN0613,Y220LC-9S,4175,2017-01-31,130,1900-01-02,Sudan
591,XXXN0614,Y220LC-9S,4176,2017-01-31,140,1900-01-02,Myanmar
592,XXXN0615,Y140W,1834,2017-01-31,150,1900-01-02,Korea
593,XXXN0616,Y220LC-9S,4177,2017-01-31,160,1900-01-02,Myanmar
594,XXXN0617,Y220LC-9S,4178,2017-01-31,170,1900-01-02,Sudan
595,XXXN0618,Y220LC-9S,4179,2017-01-31,180,1900-01-02,Myanmar
596,XXXN0619,Y220LC-9S,4180,2017-01-31,190,1900-01-02,Myanmar
597,XXXN0620,Y140W,1835,2017-01-31,200,1900-01-02,Korea
598,XXXN0621,Y220LC-9S,4181,2017-01-31,210,1900-01-02,Sudan
599,XXXN0622,Y220LC-9S,4182,2017-01-31,220,1900-01-02,Malaysia
600,XXXN0623,Y220LC-9S,4183,2017-01-31,230,1900-01-02,Malaysia
601,XXXN0624,Y220LC-9S,4184,2017-01-31,240,1900-01-02,Sudan
602,XXXN0625,Y140W,1836,2017-01-31,250,1900-01-02,Korea
603,XXXN0626,Y220LC-9S,4185,2017-01-31,260,1900-01-02,Laos
604,XXXN0627,Y220LC-9S,4186,2017-01-31,270,1900-01-02,Laos
605,XXXN0628,Y220LC-9S,4187,2017-01-31,280,1900-01-02,Sudan
606,XXXN0629,Y220LC-9S,4188,2017-01-31,290,1900-01-02,Laos
